{"Count":5,"FilesInfo":[{"FileName":"D:\\charts\\technopolis - Copy/.autosave/autosave.2025-11-8_8-25-44.txt","RawPath":"D:\\charts\\technopolis - Copy","SavedTime":1762590344},{"FileName":"D:\\charts\\technopolis - Copy/.autosave/autosave.2025-11-8_8-26-44.txt","RawPath":"D:\\charts\\technopolis - Copy","SavedTime":1762590404},{"FileName":"D:\\charts\\technopolis - Copy/.autosave/autosave.2025-11-8_8-27-44.txt","RawPath":"D:\\charts\\technopolis - Copy","SavedTime":1762590464},{"FileName":"D:\\charts\\technopolis - Copy/.autosave/autosave.2025-11-8_8-28-44.txt","RawPath":"D:\\charts\\technopolis - Copy","SavedTime":1762590524},{"FileName":"D:\\charts\\technopolis - Copy/.autosave/autosave.2025-11-8_8-30-25.txt","RawPath":"D:\\charts\\technopolis - Copy","SavedTime":1762590625}]}