{"Count":5,"FilesInfo":[{"FileName":"C:\\Users\\malco\\Downloads\\New folder (12)/.autosave/autosave.2025-12-16_23-2-2.txt","RawPath":"C:\\Users\\malco\\Downloads\\New folder (12)","SavedTime":1765926122},{"FileName":"C:\\Users\\malco\\Downloads\\New folder (12)/.autosave/autosave.2025-12-16_23-6-20.txt","RawPath":"C:\\Users\\malco\\Downloads\\New folder (12)","SavedTime":1765926380},{"FileName":"C:\\Users\\malco\\Downloads\\New folder (12)/.autosave/autosave.2025-12-16_23-13-20.txt","RawPath":"C:\\Users\\malco\\Downloads\\New folder (12)","SavedTime":1765926800},{"FileName":"C:\\Users\\malco\\Downloads\\New folder (12)/.autosave/autosave.2025-12-16_23-15-20.txt","RawPath":"C:\\Users\\malco\\Downloads\\New folder (12)","SavedTime":1765926920},{"FileName":"C:\\Users\\malco\\Downloads\\New folder (12)/.autosave/autosave.2025-12-16_23-18-20.txt","RawPath":"C:\\Users\\malco\\Downloads\\New folder (12)","SavedTime":1765927100}]}